Steg_Algorithm,Steg_Present,Steg_Signature
Pixelknot Steganography,yes,ffe000104a464946000101000001
Pixelknot Steganography,yes,ffe000104a464946000101000001
Pixelknot Steganography,yes,ffe000104a464946000101000001
Pixelknot Steganography,yes,ffe000104a464946000101000001
Pixelknot Steganography,yes,ffe000104a464946000101000001
Pixelknot Steganography,yes,ffe000104a464946000101000001
Pixelknot Steganography,yes,ffe000104a464946000101000001
Pixelknot Steganography,yes,ffe000104a464946000101000001
Pixelknot Steganography,yes,ffe000104a464946000101000001
Pixelknot Steganography,yes,ffe000104a464946000101000001
None,None,None
None,None,None
None,None,None
None,None,None
None,None,None
None,None,None
None,None,None
None,None,None
None,None,None
None,None,None
None,None,None
None,None,None
None,None,None
None,None,None
None,None,None
